C:/Users/1/Desktop/umtuba/umtuba-web-commerce-catalog-category-taxonomy-seed-v1|office/commerce-catalog-category-taxonomy-seed-v1|29f0f6b|origin/office/commerce-catalog-category-taxonomy-seed-v1|A0/B0|CLEAN|untracked=0
C:/Users/1/Desktop/umtuba/umtuba-web-commerce-chain-migration-apply-readiness-v1|office/commerce-chain-migration-apply-readiness-v1|3552241|origin/office/commerce-chain-migration-apply-readiness-v1|A0/B0|CLEAN|untracked=0
C:/Users/1/Desktop/umtuba/umtuba-web-commerce-chain-migration-apply-readiness-v1-current|office/commerce-chain-migration-apply-readiness-v1-current|c473630|origin/office/commerce-chain-migration-apply-readiness-v1-current|A0/B0|CLEAN|untracked=0
C:/Users/1/Desktop/umtuba/umtuba-web-commerce-chain-remote-preflight-recheck-v1|office/commerce-chain-remote-preflight-recheck-v1|9fb7a05|origin/office/commerce-chain-remote-preflight-recheck-v1|A0/B0|CLEAN|untracked=0
C:/Users/1/Desktop/umtuba/umtuba-web-commerce-commission-decomposition-bridge-apply-v1|office/commerce-commission-decomposition-bridge-apply-v1|7d90a05|origin/office/commerce-commission-decomposition-bridge-apply-v1|A0/B0|CLEAN|untracked=0
C:/Users/1/Desktop/umtuba/umtuba-web-commerce-commission-decomposition-bridge-apply-v1-current|office/commerce-commission-decomposition-bridge-apply-v1-current|1746bc7|origin/office/commerce-commission-decomposition-bridge-apply-v1-current|A0/B0|CLEAN|untracked=0
C:/Users/1/Desktop/umtuba/umtuba-web-commerce-commission-policy-activation-v1|office/commerce-commission-policy-activation-v1|be87fb3|origin/office/commerce-commission-policy-activation-v1|A0/B0|CLEAN|untracked=0
C:/Users/1/Desktop/umtuba/umtuba-web-commerce-commission-policy-activation-v1-current|office/commerce-commission-policy-activation-v1-current|c9f9458|origin/office/commerce-commission-policy-activation-v1-current|A0/B0|CLEAN|untracked=0
C:/Users/1/Desktop/umtuba/umtuba-web-commerce-completion-audit-v1|office/commerce-completion-audit-v1|ca157d7|origin/office/commerce-marketplace-supplier-listing-create-hardening-v1|A0/B1|CLEAN|untracked=0
C:/Users/1/Desktop/umtuba/umtuba-web-commerce-digital-entitlement-revoke-on-refund-v1|office/commerce-digital-entitlement-revoke-on-refund-v1|306a023|origin/office/commerce-digital-entitlement-revoke-on-refund-v1|A0/B0|CLEAN|untracked=0
C:/Users/1/Desktop/umtuba/umtuba-web-commerce-digital-entitlement-revoke-on-refund-v1-current|office/commerce-digital-entitlement-revoke-on-refund-v1-current|0ccdb63|origin/office/commerce-digital-entitlement-revoke-on-refund-v1-current|A0/B0|CLEAN|untracked=0
C:/Users/1/Desktop/umtuba/umtuba-web-commerce-live-payment-production-gate-v1|office/commerce-live-payment-production-gate-v1|f376d5e|origin/office/commerce-live-payment-production-gate-v1|A0/B0|CLEAN|untracked=0
C:/Users/1/Desktop/umtuba/umtuba-web-commerce-live-payment-production-gate-v1-current|office/commerce-live-payment-production-gate-v1-current|05e0043|origin/office/commerce-live-payment-production-gate-v1-current|A0/B0|CLEAN|untracked=0
C:/Users/1/Desktop/umtuba/umtuba-web-commerce-marketplace-foundation-v1|office/commerce-marketplace-foundation-v1|6fac440||n/a|CLEAN|untracked=0
C:/Users/1/Desktop/umtuba/umtuba-web-commerce-migration-history-drift-verification-v1|office/commerce-migration-history-drift-verification-v1|904c8bb|origin/office/commerce-migration-history-drift-verification-v1|A0/B0|CLEAN|untracked=0
C:/Users/1/Desktop/umtuba/umtuba-web-commerce-migration-history-repair-apply-v1|office/commerce-migration-history-repair-apply-v1|9fb7a05|origin/office/commerce-migration-history-repair-apply-v1|A0/B0|CLEAN|untracked=0
C:/Users/1/Desktop/umtuba/umtuba-web-commerce-partial-refund-committed-reservation-compensation-v1|office/commerce-partial-refund-committed-reservation-compensation-v1|b8be334|origin/office/commerce-partial-refund-committed-reservation-compensation-v1|A0/B0|CLEAN|untracked=0
C:/Users/1/Desktop/umtuba/umtuba-web-commerce-partial-refund-in-flight-committing-visibility-v1|DETACHED|556f82a||n/a|CLEAN|untracked=0
C:/Users/1/Desktop/umtuba/umtuba-web-commerce-partial-refund-ledger-commit-boundary-v1|DETACHED|6a332c4||n/a|CLEAN|untracked=0
C:/Users/1/Desktop/umtuba/umtuba-web-commerce-partial-refund-ledger-service-adapter-v1|DETACHED|6a2420e||n/a|CLEAN|untracked=0
C:/Users/1/Desktop/umtuba/umtuba-web-commerce-partial-refund-path-v1|DETACHED|c902eb9||n/a|CLEAN|untracked=0
C:/Users/1/Desktop/umtuba/umtuba-web-commerce-partial-refund-provider-money-execution-v1|office/commerce-partial-refund-provider-money-execution-v1|4291bdb|origin/office/commerce-partial-refund-provider-money-execution-v1|A0/B17|DIRTY|untracked=0
C:/Users/1/Desktop/umtuba/umtuba-web-commerce-partial-refund-reservation-accounting-audit-review-v1|DETACHED|1919241||n/a|CLEAN|untracked=0
C:/Users/1/Desktop/umtuba/umtuba-web-commerce-partial-refund-reservation-actions-wiring-v1|DETACHED|5d4bf18||n/a|CLEAN|untracked=0
C:/Users/1/Desktop/umtuba/umtuba-web-commerce-partial-refund-reservation-stuck-committing-recovery-v1|DETACHED|8e16c8c||n/a|CLEAN|untracked=0
C:/Users/1/Desktop/umtuba/umtuba-web-commerce-partial-refund-rpc-remote-apply-readiness-v1|office/commerce-partial-refund-rpc-remote-apply-readiness-v1|078e264|origin/office/commerce-partial-refund-rpc-remote-apply-readiness-v1|A0/B0|CLEAN|untracked=0
C:/Users/1/Desktop/umtuba/umtuba-web-commerce-product-production-readiness-audit-v1|office/commerce-product-production-readiness-audit-v1-current|4fc166c|origin/office/commerce-product-production-readiness-audit-v1-current|A0/B0|CLEAN|untracked=0
C:/Users/1/Desktop/umtuba/umtuba-web-commerce-production-integration-preparation-v1|office/commerce-production-integration-preparation-v1|88d45f3|origin/office/commerce-production-integration-preparation-v1|A0/B0|CLEAN|untracked=0
C:/Users/1/Desktop/umtuba/umtuba-web-commerce-production-readiness-docs-gate-v1|office/commerce-production-readiness-docs-gate-v1|e4d9a8d||n/a|CLEAN|untracked=0
C:/Users/1/Desktop/umtuba/umtuba-web-commerce-refund-operations-surface-v1|office/commerce-refund-operations-surface-v1|100c98e|origin/office/commerce-refund-operations-surface-v1|A0/B0|CLEAN|untracked=0
C:/Users/1/Desktop/umtuba/umtuba-web-commerce-refund-operations-surface-v1-current|office/commerce-refund-operations-surface-v1-current|a933624|origin/office/commerce-refund-operations-surface-v1-current|A0/B0|CLEAN|untracked=0
C:/Users/1/Desktop/umtuba/umtuba-web-commerce-remote-migration-blocker-remediation-v1|office/commerce-remote-migration-blocker-remediation-v1|6aa7a84|origin/office/commerce-remote-migration-blocker-remediation-v1|A0/B0|CLEAN|untracked=0
C:/Users/1/Desktop/umtuba/umtuba-web-commerce-remote-migration-preflight-v1|office/commerce-remote-migration-preflight-v1|5166c95|origin/office/commerce-remote-migration-preflight-v1|A0/B0|CLEAN|untracked=0
C:/Users/1/Desktop/umtuba/umtuba-web-commerce-remote-migration-preflight-v1-current|office/commerce-remote-migration-preflight-v1-current|2dc6dfd|origin/office/commerce-remote-migration-preflight-v1-current|A0/B0|CLEAN|untracked=0
C:/Users/1/Desktop/umtuba/umtuba-web-commerce-seller-live-payout-manual-ops-drill-v1|DETACHED|6b1dc29||n/a|CLEAN|untracked=0
C:/Users/1/Desktop/umtuba/umtuba-web-commerce-seller-live-payout-provider-v1|office/commerce-seller-live-payout-provider-v1|3ebe184|origin/office/commerce-seller-live-payout-provider-v1|A0/B0|CLEAN|untracked=0
C:/Users/1/Desktop/umtuba/umtuba-web-commerce-seller-live-payout-provider-v1-sot|office/commerce-seller-live-payout-provider-v1-sot|8e16c8c||n/a|CLEAN|untracked=0
C:/Users/1/Desktop/umtuba/umtuba-web-commerce-seller-payout-rails-v1|DETACHED|9a93fc9||n/a|CLEAN|untracked=0
C:/Users/1/Desktop/umtuba/umtuba-web-commerce-seller-payout-rails-v1-current|office/commerce-seller-payout-rails-v1-current|b6a3bf6|origin/office/commerce-seller-payout-rails-v1-current|A0/B0|CLEAN|untracked=0
C:/Users/1/Desktop/umtuba/umtuba-web-commerce-settlement-migration-remote-apply-v1|office/commerce-settlement-migration-remote-apply-v1|9fb7a05||n/a|CLEAN|untracked=0
C:/Users/1/Desktop/umtuba/umtuba-web-commerce-sot-unification-stock-drift-v1|office/commerce-sot-unification-stock-drift-v1|e4d9a8d|origin/office/commerce-sot-unification-stock-drift-v1|A0/B0|CLEAN|untracked=0
C:/Users/1/Desktop/umtuba/umtuba-web-commerce-stripe-production-gate-readiness-v2|office/commerce-stripe-production-gate-readiness-v2|e4d9a8d||n/a|CLEAN|untracked=0
C:/Users/1/Desktop/umtuba/umtuba-web-commerce-supplier-listing-create-hardening-v1|office/commerce-supplier-listing-create-hardening-v1|82b3606|origin/office/commerce-supplier-listing-create-hardening-v1|A0/B0|CLEAN|untracked=0
C:/Users/1/Desktop/umtuba/umtuba-web-commerce-transactional-notifications-v1|office/commerce-transactional-notifications-v1|674b4d1|origin/office/commerce-transactional-notifications-v1|A0/B0|CLEAN|untracked=0
C:/Users/1/Desktop/umtuba/umtuba-web-commerce-transactional-notifications-v1-current|office/commerce-transactional-notifications-v1-current|2c11852|origin/office/commerce-transactional-notifications-v1-current|A0/B0|CLEAN|untracked=0
C:/Users/1/Desktop/umtuba/umtuba-web-integration-w2-commerce|integration/w2-commerce|0824cb4|origin/integration/w2-commerce|A0/B0|CLEAN|untracked=0
C:/Users/1/Desktop/umtuba/umtuba-web-revenue-platform-foundation-v1|office/unified-revenue-platform-foundation-v1|a1bde1f|origin/office/unified-revenue-platform-foundation-v1|A0/B0|CLEAN|untracked=0
C:/Users/1/Desktop/umtuba/umtuba-web/worktrees/DESKTOP-A2|office/commerce-buyer-cart-wishlist-search-a11y-ui-contract-v1|9227cc3||n/a|DIRTY|untracked=1
C:/Users/1/Desktop/umtuba/worktrees/DESKTOP-A1|office/desktop-a1-jinn-video-pilot-ingest-precheck-automation-v1|d4beda5|origin/office/desktop-a1-jinn-video-pilot-ingest-precheck-automation-v1|A0/B0|CLEAN|untracked=0
C:/Users/1/Desktop/umtuba/worktrees/DESKTOP-A2|office/desktop-a2-games-hub-safe-components-v1|ee457c4|origin/office/desktop-a2-games-hub-safe-components-v1|A0/B0|CLEAN|untracked=0
C:/Users/1/Desktop/umtuba/worktrees/DESKTOP-A2-REGRESSION|office/desktop-a2-stripe-test-fixture-pack-regression-v1|df47668|origin/office/desktop-a2-stripe-test-fixture-pack-regression-v1|A0/B0|CLEAN|untracked=0
C:/Users/1/Desktop/umtuba/worktrees/DESKTOP-A3|office/desktop-a3-commerce-seller-ops-filter-status-a11y-contract-v1|9227cc3||n/a|DIRTY|untracked=1
